{
	"folders": {},
	"connections": {
		"mariaDB-18749096a26-77b3dddb3ae94ce9": {
			"provider": "mysql",
			"driver": "mariaDB",
			"name": "localhost",
			"save-password": true,
			"configuration": {
				"host": "localhost",
				"port": "3306",
				"url": "jdbc:mariadb://localhost:3306/",
				"configurationType": "MANUAL",
				"home": "C:\\Program Files\\MariaDB 11.0",
				"type": "dev",
				"auth-model": "native"
			}
		}
	},
	"connection-types": {
		"dev": {
			"name": "Development",
			"color": "255,255,255",
			"description": "Regular development database",
			"auto-commit": true,
			"confirm-execute": false,
			"confirm-data-change": false,
			"auto-close-transactions": false
		}
	}
}